Dapper Designs,+0652750867,Nauru,59483₽,enthusiasm
Trendy Threads,+83596437840,Armenia,86690₽,county
Fine Fabrics,+70486575828,United States of America,67442₽,affair
Salon Suites,+77315890682,Vietnam,18400₽,drama
Trendy Threads,+76396367012,Latvia,74514₽,administration
Classy Collections,+4599748746,Bangladesh,21401₽,secretary
Elegant Ensembles,+7727012354,Ireland,60284₽,maintenance
Glamour Galore,+318582123,Vatican City (Holy See),34750₽,contribution
Refined Rags,+82304619201,Argentina,11963₽,office
Brow Boosters,+69334165579,Turkmenistan,56068₽,ladder
Beauty Bar,+45218017245,Poland,91707₽,development
Brow Boosters,+44305351905,Yemen,92950₽,payment
Salon Suites,+32473019898,Libya,10548₽,signature
Elite Elegance,+32488674477,"Korea, North",86481₽,enthusiasm
Skin Studio,+28135633086,Macedonia,35231₽,explanation
Urban Upmarket,+22636886718,Brazil,50930₽,distribution
Chic Boutique,+3876811569,The Gambia,44235₽,series
Beauty Bar,+67842262667,Zambia,89080₽,entry
Body Bliss,+87255976741,"Congo, Republic of the",18239₽,midnight
Sleek Styles,+59869606271,Ghana,51322₽,cigarette
Haute Hues,+72456529557,Dominica,58011₽,injury
Glow Getter,+6659862766,Senegal,44683₽,cell
Trendy Threads,+63176249843,Kazakhstan,30109₽,woman
Glow Getter,+44818133001,Netherlands,91713₽,departure
Glow Getter,+46737862670,Estonia,33764₽,community
Urban Upmarket,+56544558752,Panama,60125₽,buyer
Trendy Threads,+7760405389,Zambia,68691₽,tea
Fashion Forward,+71835924929,Samoa,54355₽,mode
Skin Studio,+62722682947,El Salvador,11849₽,series
Chic Couture,+85554712827,Suriname,80694₽,development
Classy Collections,+61804508531,Benin,37953₽,definition
Makeup Maven,+13831259984,Italy,33723₽,cell
Skin Studio,+18182079422,Denmark,29921₽,maintenance
Classy Chic,+29543351226,Belarus,21264₽,elevator
Sleek Styles,+21381208236,Sri Lanka,49897₽,payment
Skin Studio,+70292455035,Norway,16340₽,emphasis
Chic Couture,+46732434403,Gabon,18295₽,mode
Classy Chic,+34433598665,Singapore,96072₽,employee
Body Bliss,+16787173026,Mauritius,10100₽,cigarette
Brow Boosters,+12656239570,Seychelles,42067₽,height
Sophisticated Sewing,+6575385597,France,88498₽,republic
Classy Chic,+5271077444,The Gambia,15145₽,administration
Trendsetting Tailors,+43504268329,United Kingdom,35123₽,topic
Clipper Cuts,+30137502443,Colombia,94153₽,tea
Makeup Maven,+9849002921,Guatemala,69679₽,organization
Sophisticated Sewing,+9352080203,Malawi,82444₽,administration
Sophisticated Sewing,+13722606504,Burundi,10923₽,employee
Glamour Galore,+7820082673,Palau,32015₽,employee
Refined Rags,+18506001723,Liechtenstein,22784₽,buyer
Elegant Ensembles,+5212728840,Fiji,17540₽,weakness
Nail Nook,+27418642845,Bolivia,58376₽,organization
Fashion Fusion,+26290334040,Uganda,10561₽,stranger
Sleek Styles,+46349545916,Poland,84024₽,republic
Makeup Maven,+7582292454,Suriname,15023₽,nature
Classy Collections,+1291152604,Bulgaria,74084₽,selection
Haute Hues,+85789775558,Bulgaria,14052₽,affair
Smart Styles,+0200217966,Malta,51693₽,description
Trendsetting Tailors,+63598062292,Tanzania,91679₽,payment
Skin Studio,+32484554440,Seychelles,77308₽,revenue
